email,password
demo@gmail.com,demo@gmail.com
demo1@gmail.com,demo@gmail.com
demo2@gmail.com,demo@gmail.com
demo3@gmail.com,demo@gmail.com
demo4@gmail.com,demo@gmail.com
demo5@gmail.com,demo@gmail.com
demo6@gmail.com,demo@gmail.com
demo7@gmail.com,demo@gmail.com
demo8@gmail.com,demo@gmail.com
demo9@gmail.com,demo@gmail.com
demo10@gmail.com,demo@gmail.com
demo11@gmail.com,demo@gmail.com
demo12@gmail.com,demo@gmail.com
demo13@gmail.com,demo@gmail.com
demo14@gmail.com,demo@gmail.com
demo15@gmail.com,demo@gmail.com
demo16@gmail.com,demo@gmail.com
demo17@gmail.com,demo@gmail.com